中转IP,中转端口,回源IP,国家,数据中心,IP类型,网络延迟,等效带宽,峰值速度,峰值速度数值
35.183.163.195,443,3.99.141.170,CA,,隧道,22 ms,808 Mbps,103424 kB/s,103424.0
34.150.180.124,443,34.150.180.124,US,,中转,31 ms,788 Mbps,100864 kB/s,100864.0
198.46.193.167,443,198.46.193.167,US,Dallas,中转,25 ms,689 Mbps,88268 kB/s,88268.0
34.69.150.180,443,34.69.150.180,US,,中转,58 ms,686 Mbps,87859 kB/s,87859.0
34.70.91.86,443,34.70.91.86,US,,中转,12 ms,627 Mbps,80281 kB/s,80281.0
164.152.17.14,443,164.152.17.14,US,,中转,3 ms,602 Mbps,77107 kB/s,77107.0
198.12.97.48,443,198.12.97.48,US,Chicago,中转,23 ms,598 Mbps,76595 kB/s,76595.0
3.135.201.228,443,3.135.201.228,US,,中转,80 ms,561 Mbps,71884 kB/s,71884.0
18.191.122.211,443,3.130.64.226,US,,隧道,34 ms,555 Mbps,71065 kB/s,71065.0
3.144.191.4,443,3.144.191.4,US,Chicago,中转,93 ms,547 Mbps,70041 kB/s,70041.0
35.199.37.84,443,35.199.37.84,US,,中转,20 ms,523 Mbps,66969 kB/s,66969.0
35.202.158.120,443,35.202.158.120,US,Chicago,中转,15 ms,516 Mbps,66150 kB/s,66150.0
18.216.55.100,443,18.216.55.100,US,Chicago,中转,103 ms,513 Mbps,65740 kB/s,65740.0
43.153.80.208,443,43.153.80.208,US,San Jose,中转,54 ms,456 Mbps,58368 kB/s,58368.0
35.230.79.26,443,35.197.107.113,US,Seattle,隧道,51 ms,449 Mbps,57548 kB/s,57548.0
43.153.103.203,443,43.153.103.203,US,San Jose,中转,50 ms,439 Mbps,56217 kB/s,56217.0
43.153.80.208,443,43.153.80.208,US,San Jose,中转,49 ms,439 Mbps,56217 kB/s,56217.0
35.197.23.75,443,35.197.107.113,US,Seattle,隧道,50 ms,429 Mbps,54988 kB/s,54988.0
192.18.134.22,443,192.18.134.22,US,San Jose,中转,52 ms,428 Mbps,54886 kB/s,54886.0
150.230.47.17,443,150.230.47.17,US,San Jose,中转,52 ms,428 Mbps,54784 kB/s,54784.0
193.122.197.111,443,193.122.197.111,US,Ashburn,中转,65 ms,424 Mbps,54374 kB/s,54374.0
198.23.236.101,443,198.23.236.101,US,San Jose,中转,53 ms,401 Mbps,51404 kB/s,51404.0
34.82.76.253,443,34.145.63.188,US,Seattle,隧道,71 ms,400 Mbps,51302 kB/s,51302.0
44.224.24.91,443,44.224.24.91,US,,中转,0 ms,390 Mbps,49971 kB/s,49971.0
23.94.43.51,443,23.94.43.51,US,Seattle,中转,156 ms,390 Mbps,49971 kB/s,49971.0
192.9.138.241,443,192.9.138.241,US,San Jose,中转,58 ms,384 Mbps,49152 kB/s,49152.0
129.146.186.4,443,2603:c020:6:9488:1249:84cb:c58c:a3ca,US,Los Angeles,隧道,73 ms,375 Mbps,48025 kB/s,48025.0
198.23.254.51,443,198.23.254.51,US,San Jose,中转,94 ms,340 Mbps,43520 kB/s,43520.0
184.169.181.217,443,184.169.181.217,US,San Jose,中转,101 ms,329 Mbps,42188 kB/s,42188.0
13.57.249.176,443,13.57.249.176,US,,中转,89 ms,327 Mbps,41881 kB/s,41881.0
18.236.13.188,443,204.110.220.101,US,,隧道,65 ms,323 Mbps,41369 kB/s,41369.0
54.203.85.46,443,204.110.220.168,US,,隧道,59 ms,296 Mbps,37990 kB/s,37990.0
152.70.155.147,443,152.70.155.147,US,Los Angeles,中转,82 ms,292 Mbps,37376 kB/s,37376.0
129.153.165.237,443,129.153.165.237,US,Ashburn,中转,21 ms,290 Mbps,37171 kB/s,37171.0
3.138.59.154,443,3.130.64.226,US,,隧道,34 ms,287 Mbps,36761 kB/s,36761.0
13.57.182.91,443,2a09:bac1:76a0:1cf0::4:265,US,San Jose,隧道,139 ms,275 Mbps,35225 kB/s,35225.0
129.146.46.164,443,129.146.46.164,US,Los Angeles,中转,62 ms,273 Mbps,35020 kB/s,35020.0
18.156.209.101,443,3.68.128.205,DE,,隧道,107 ms,206 Mbps,26419 kB/s,26419.0
3.67.25.193,443,18.197.218.69,DE,Frankfurt,隧道,109 ms,204 Mbps,26214 kB/s,26214.0
18.130.168.34,443,18.130.168.34,GB,,中转,98 ms,203 Mbps,26009 kB/s,26009.0
146.70.175.163,443,2001:ac8:22:18::8192,NL,Amsterdam,隧道,173 ms,201 Mbps,25804 kB/s,25804.0
140.238.64.65,443,140.238.64.65,GB,,中转,95 ms,200 Mbps,25702 kB/s,25702.0
129.151.205.193,443,129.151.205.193,SE,Stockholm,中转,114 ms,198 Mbps,25395 kB/s,25395.0
146.70.175.185,443,2001:ac8:22:18::8192,NL,Amsterdam,隧道,101 ms,196 Mbps,25190 kB/s,25190.0
146.70.175.166,443,2001:ac8:22:18::8192,NL,Amsterdam,隧道,103 ms,196 Mbps,25190 kB/s,25190.0
146.70.169.115,443,2001:ac8:22:18::8192,NL,Amsterdam,隧道,200 ms,196 Mbps,25088 kB/s,25088.0
146.70.175.111,443,2001:ac8:22:18::8192,NL,Amsterdam,隧道,102 ms,195 Mbps,24985 kB/s,24985.0
23.94.217.204,443,23.94.217.204,NL,Amsterdam,中转,108 ms,191 Mbps,24473 kB/s,24473.0
146.70.175.124,443,2001:ac8:22:18::8192,NL,Amsterdam,隧道,103 ms,191 Mbps,24473 kB/s,24473.0
146.70.175.105,443,2001:ac8:22:18::8192,NL,Amsterdam,隧道,107 ms,190 Mbps,24371 kB/s,24371.0
146.70.169.122,443,2001:ac8:22:18::8192,NL,Amsterdam,隧道,108 ms,189 Mbps,24268 kB/s,24268.0
130.61.23.77,443,130.61.23.77,DE,Frankfurt,中转,106 ms,189 Mbps,24268 kB/s,24268.0
146.70.175.126,443,2001:ac8:22:18::8192,NL,Amsterdam,隧道,102 ms,188 Mbps,24166 kB/s,24166.0
146.70.175.184,443,2001:ac8:22:18::8192,NL,Amsterdam,隧道,101 ms,188 Mbps,24064 kB/s,24064.0
146.70.175.190,443,2001:ac8:22:18::8192,NL,Amsterdam,隧道,103 ms,188 Mbps,24064 kB/s,24064.0
146.70.175.189,443,2001:ac8:22:18::8192,NL,Amsterdam,隧道,104 ms,188 Mbps,24064 kB/s,24064.0
146.70.175.110,443,2001:ac8:22:18::8192,NL,Amsterdam,隧道,101 ms,187 Mbps,23961 kB/s,23961.0
146.70.175.165,443,2001:ac8:22:18::8192,NL,Amsterdam,隧道,102 ms,186 Mbps,23859 kB/s,23859.0
138.3.254.39,443,138.3.254.39,DE,Frankfurt,中转,108 ms,186 Mbps,23859 kB/s,23859.0
146.70.175.113,443,2001:ac8:22:18::8192,NL,Amsterdam,隧道,105 ms,184 Mbps,23552 kB/s,23552.0
35.157.240.237,443,3.68.128.205,DE,,隧道,107 ms,183 Mbps,23449 kB/s,23449.0
18.192.93.64,443,2a05:d014:ed:9600:f52b:ab01:6bb:bc9d,DE,,隧道,108 ms,183 Mbps,23449 kB/s,23449.0
146.70.175.108,443,2001:ac8:22:18::8192,NL,Amsterdam,隧道,101 ms,183 Mbps,23449 kB/s,23449.0
146.70.175.102,443,2001:ac8:22:18::8192,NL,Amsterdam,隧道,195 ms,183 Mbps,23449 kB/s,23449.0
3.67.232.136,443,3.68.128.205,DE,,隧道,107 ms,182 Mbps,23347 kB/s,23347.0
146.70.175.183,443,2001:ac8:22:18::8192,NL,Amsterdam,隧道,102 ms,182 Mbps,23347 kB/s,23347.0
18.185.254.189,443,2a05:d014:ed:9600:f52b:ab01:6bb:bc9d,DE,,隧道,108 ms,182 Mbps,23347 kB/s,23347.0
146.70.175.103,443,2001:ac8:22:18::8192,NL,Amsterdam,隧道,102 ms,181 Mbps,23244 kB/s,23244.0
146.70.175.107,443,2001:ac8:22:18::8192,NL,Amsterdam,隧道,196 ms,181 Mbps,23244 kB/s,23244.0
146.70.175.177,443,2001:ac8:22:18::8192,NL,Amsterdam,隧道,103 ms,181 Mbps,23244 kB/s,23244.0
146.70.175.117,443,2001:ac8:22:18::8192,NL,Amsterdam,隧道,105 ms,181 Mbps,23244 kB/s,23244.0
146.70.169.117,443,2001:ac8:22:18::8192,NL,Amsterdam,隧道,103 ms,180 Mbps,23142 kB/s,23142.0
18.184.55.249,443,18.184.55.249,DE,Frankfurt,中转,115 ms,180 Mbps,23142 kB/s,23142.0
146.70.175.118,443,2001:ac8:22:18::8192,NL,Amsterdam,隧道,101 ms,180 Mbps,23040 kB/s,23040.0
146.70.175.114,443,2001:ac8:22:18::8192,NL,Amsterdam,隧道,116 ms,180 Mbps,23040 kB/s,23040.0
146.70.175.172,443,2001:ac8:22:18::8192,NL,Amsterdam,隧道,174 ms,180 Mbps,23040 kB/s,23040.0
18.197.218.69,443,18.197.218.69,DE,Frankfurt,中转,217 ms,179 Mbps,22937 kB/s,22937.0
146.70.175.179,443,2001:ac8:22:18::8192,NL,Amsterdam,隧道,178 ms,179 Mbps,22937 kB/s,22937.0
146.70.175.167,443,2001:ac8:22:18::8192,NL,Amsterdam,隧道,105 ms,179 Mbps,22937 kB/s,22937.0
146.70.175.121,443,2001:ac8:22:18::8192,NL,Amsterdam,隧道,102 ms,179 Mbps,22937 kB/s,22937.0
3.68.62.122,443,2a05:d014:ed:9600:f52b:ab01:6bb:bc9d,DE,,隧道,109 ms,178 Mbps,22835 kB/s,22835.0
3.127.55.133,443,2a05:d014:ed:9600:f52b:ab01:6bb:bc9d,DE,,隧道,108 ms,177 Mbps,22732 kB/s,22732.0
146.70.175.182,443,2001:ac8:22:18::8192,NL,Amsterdam,隧道,105 ms,177 Mbps,22732 kB/s,22732.0
146.70.169.118,443,2001:ac8:22:18::8192,NL,Amsterdam,隧道,103 ms,177 Mbps,22732 kB/s,22732.0
146.70.169.114,443,2001:ac8:22:18::8192,NL,Amsterdam,隧道,101 ms,176 Mbps,22630 kB/s,22630.0
146.70.175.176,443,2001:ac8:22:18::8192,NL,Amsterdam,隧道,103 ms,176 Mbps,22630 kB/s,22630.0
146.70.175.187,443,2001:ac8:22:18::8192,NL,Amsterdam,隧道,101 ms,176 Mbps,22528 kB/s,22528.0
146.70.175.181,443,2001:ac8:22:18::8192,NL,Amsterdam,隧道,102 ms,176 Mbps,22528 kB/s,22528.0
146.70.175.116,443,2001:ac8:22:18::8192,NL,Amsterdam,隧道,102 ms,176 Mbps,22528 kB/s,22528.0
146.70.175.173,443,2001:ac8:22:18::8192,NL,Amsterdam,隧道,101 ms,175 Mbps,22425 kB/s,22425.0
146.70.175.119,443,2001:ac8:22:18::8192,NL,Amsterdam,隧道,108 ms,175 Mbps,22425 kB/s,22425.0
146.70.175.175,443,2001:ac8:22:18::8192,NL,Amsterdam,隧道,104 ms,175 Mbps,22425 kB/s,22425.0
146.70.175.120,443,2001:ac8:22:18::8192,NL,Amsterdam,隧道,101 ms,175 Mbps,22425 kB/s,22425.0
146.70.175.99,443,2001:ac8:22:18::8192,NL,Amsterdam,隧道,170 ms,175 Mbps,22425 kB/s,22425.0
146.70.175.112,443,2001:ac8:22:18::8192,NL,Amsterdam,隧道,103 ms,175 Mbps,22425 kB/s,22425.0
146.70.175.188,443,2001:ac8:22:18::8192,NL,Amsterdam,隧道,104 ms,174 Mbps,22323 kB/s,22323.0
146.70.175.162,443,2001:ac8:22:18::8192,NL,Amsterdam,隧道,103 ms,174 Mbps,22323 kB/s,22323.0
146.70.175.109,443,2001:ac8:22:18::8192,NL,Amsterdam,隧道,101 ms,174 Mbps,22323 kB/s,22323.0
138.3.254.39,443,138.3.254.39,DE,Frankfurt,中转,106 ms,172 Mbps,22118 kB/s,22118.0
146.70.175.106,443,2001:ac8:22:18::8192,NL,Amsterdam,隧道,102 ms,172 Mbps,22118 kB/s,22118.0
152.67.249.123,443,152.67.249.123,US,San Jose,中转,169 ms,170 Mbps,21811 kB/s,21811.0
146.70.175.180,443,2001:ac8:22:18::8192,NL,Amsterdam,隧道,110 ms,169 Mbps,21708 kB/s,21708.0
18.159.105.97,443,2a05:d014:ed:9600:f52b:ab01:6bb:bc9d,DE,,隧道,108 ms,168 Mbps,21504 kB/s,21504.0
146.70.175.123,443,2001:ac8:22:18::8192,NL,Amsterdam,隧道,101 ms,166 Mbps,21299 kB/s,21299.0
141.145.199.188,443,141.145.199.188,FR,,中转,100 ms,165 Mbps,21196 kB/s,21196.0
146.70.175.115,443,2001:ac8:22:18::8192,NL,Amsterdam,隧道,159 ms,165 Mbps,21196 kB/s,21196.0
146.70.175.174,443,2001:ac8:22:18::8192,NL,Amsterdam,隧道,101 ms,165 Mbps,21196 kB/s,21196.0
146.70.169.116,443,2001:ac8:22:18::8192,NL,Amsterdam,隧道,102 ms,165 Mbps,21196 kB/s,21196.0
146.70.175.125,443,2001:ac8:22:18::8192,NL,Amsterdam,隧道,103 ms,165 Mbps,21196 kB/s,21196.0
146.70.175.186,443,2001:ac8:22:18::8192,NL,Amsterdam,隧道,108 ms,164 Mbps,21094 kB/s,21094.0
146.70.175.122,443,2001:ac8:22:18::8192,NL,Amsterdam,隧道,179 ms,164 Mbps,21094 kB/s,21094.0
146.70.175.104,443,2001:ac8:22:18::8192,NL,Amsterdam,隧道,103 ms,164 Mbps,21094 kB/s,21094.0
146.70.175.100,443,2001:ac8:22:18::8192,NL,Amsterdam,隧道,105 ms,164 Mbps,20992 kB/s,20992.0
146.70.175.168,443,2001:ac8:22:18::8192,NL,Amsterdam,隧道,105 ms,164 Mbps,20992 kB/s,20992.0
146.70.175.98,443,2001:ac8:22:18::8192,NL,Amsterdam,隧道,105 ms,163 Mbps,20889 kB/s,20889.0
146.70.175.101,443,2001:ac8:22:18::8192,NL,Amsterdam,隧道,150 ms,163 Mbps,20889 kB/s,20889.0
146.70.175.170,443,2001:ac8:22:18::8192,NL,Amsterdam,隧道,103 ms,162 Mbps,20787 kB/s,20787.0
129.146.248.140,443,129.146.248.140,US,Los Angeles,中转,60 ms,162 Mbps,20787 kB/s,20787.0
146.70.175.171,443,2001:ac8:22:18::8192,NL,Amsterdam,隧道,103 ms,162 Mbps,20787 kB/s,20787.0
146.70.175.164,443,2001:ac8:22:18::8192,NL,Amsterdam,隧道,107 ms,159 Mbps,20377 kB/s,20377.0
47.88.15.127,443,47.88.15.127,US,San Jose,中转,128 ms,136 Mbps,17408 kB/s,17408.0
130.61.23.77,443,130.61.23.77,DE,Frankfurt,中转,106 ms,134 Mbps,17203 kB/s,17203.0
152.67.233.64,443,2603:c024:c004:dd3f:333e:3245:d0f3:9f67,US,San Jose,隧道,52 ms,130 Mbps,16691 kB/s,16691.0
146.70.175.169,443,2001:ac8:22:18::8192,NL,Amsterdam,隧道,102 ms,123 Mbps,15769 kB/s,15769.0
47.251.74.226,443,91.149.239.234,US,Los Angeles,隧道,55 ms,114 Mbps,14643 kB/s,14643.0
47.88.101.9,443,47.88.101.9,US,San Jose,中转,48 ms,109 Mbps,14028 kB/s,14028.0
35.201.203.106,443,35.201.203.106,TW,Taipei,中转,190 ms,104 Mbps,13414 kB/s,13414.0
8.218.158.94,443,8.218.158.94,HK,Hong Kong,中转,204 ms,97 Mbps,12492 kB/s,12492.0
144.24.74.51,443,104.28.207.57,KR,Seoul,隧道,170 ms,95 Mbps,12185 kB/s,12185.0
140.238.13.96,443,140.238.13.96,KR,Seoul,中转,170 ms,94 Mbps,12083 kB/s,12083.0
130.61.239.203,443,130.61.239.203,DE,Frankfurt,中转,106 ms,92 Mbps,11776 kB/s,11776.0
47.243.161.235,443,47.243.161.235,HK,Hong Kong,中转,195 ms,91 Mbps,11673 kB/s,11673.0
150.230.249.48,443,150.230.249.48,KR,Seoul,中转,174 ms,91 Mbps,11673 kB/s,11673.0
47.243.70.197,443,47.243.70.197,HK,Hong Kong,中转,201 ms,91 Mbps,11673 kB/s,11673.0
8.219.159.232,443,8.219.159.232,SG,Singapore,中转,209 ms,90 Mbps,11571 kB/s,11571.0
18.163.233.64,443,18.163.233.64,US,Hong Kong,中转,280 ms,88 Mbps,11264 kB/s,11264.0
8.219.40.255,443,8.219.40.255,SG,Singapore,中转,217 ms,87 Mbps,11161 kB/s,11161.0
8.219.102.252,443,8.219.102.252,SG,Singapore,中转,217 ms,87 Mbps,11161 kB/s,11161.0
140.238.158.238,443,140.238.158.238,CA,Toronto,中转,61 ms,86 Mbps,11059 kB/s,11059.0
198.46.188.190,443,2a09:bac5:a5ff:7cd::c7:e,US,Buffalo,隧道,26 ms,86 Mbps,11059 kB/s,11059.0
8.219.137.50,443,8.219.137.50,SG,Singapore,中转,213 ms,86 Mbps,11059 kB/s,11059.0
8.222.212.219,443,8.222.212.219,SG,Singapore,中转,264 ms,85 Mbps,10956 kB/s,10956.0
8.210.117.18,443,8.210.117.18,HK,Hong Kong,中转,197 ms,85 Mbps,10956 kB/s,10956.0
8.218.156.91,443,8.218.156.91,HK,Hong Kong,中转,283 ms,85 Mbps,10956 kB/s,10956.0
152.70.249.67,443,2603:c022:8002:8700:556:6ae2:e4b0:4241,KR,Seoul,隧道,178 ms,85 Mbps,10956 kB/s,10956.0
8.219.141.174,443,8.219.141.174,SG,Singapore,中转,211 ms,85 Mbps,10956 kB/s,10956.0
8.219.179.34,443,8.219.179.34,SG,Singapore,中转,277 ms,84 Mbps,10752 kB/s,10752.0
129.150.62.109,443,129.150.62.109,SG,Singapore,中转,308 ms,84 Mbps,10752 kB/s,10752.0
8.222.214.13,443,8.222.214.13,SG,Singapore,中转,210 ms,84 Mbps,10752 kB/s,10752.0
8.219.193.22,443,8.219.193.22,SG,Singapore,中转,219 ms,84 Mbps,10752 kB/s,10752.0
8.222.198.105,443,8.222.198.105,SG,Singapore,中转,209 ms,83 Mbps,10649 kB/s,10649.0
129.154.50.220,443,129.154.50.220,KR,Seoul,中转,291 ms,82 Mbps,10547 kB/s,10547.0
8.219.241.189,443,8.219.241.189,SG,Singapore,中转,217 ms,82 Mbps,10547 kB/s,10547.0
8.219.99.8,443,8.219.99.8,SG,Singapore,中转,212 ms,82 Mbps,10547 kB/s,10547.0
8.222.221.90,443,8.222.221.90,SG,Singapore,中转,213 ms,81 Mbps,10444 kB/s,10444.0
8.219.215.214,443,8.219.215.214,SG,Singapore,中转,285 ms,81 Mbps,10444 kB/s,10444.0
8.222.211.16,443,8.222.211.16,SG,Singapore,中转,210 ms,81 Mbps,10444 kB/s,10444.0
8.222.193.208,443,8.222.193.208,SG,Singapore,中转,209 ms,81 Mbps,10444 kB/s,10444.0
8.222.210.182,443,8.222.210.182,SG,Singapore,中转,212 ms,81 Mbps,10444 kB/s,10444.0
8.218.119.115,443,8.218.119.115,HK,Hong Kong,中转,195 ms,80 Mbps,10342 kB/s,10342.0
8.219.103.57,443,8.219.103.57,SG,Singapore,中转,361 ms,80 Mbps,10240 kB/s,10240.0
8.219.240.160,443,8.219.240.160,SG,Singapore,中转,213 ms,80 Mbps,10240 kB/s,10240.0
8.219.197.111,443,8.219.197.111,SG,Singapore,中转,300 ms,79 Mbps,10137 kB/s,10137.0
8.222.221.109,443,8.222.221.109,SG,Singapore,中转,211 ms,79 Mbps,10137 kB/s,10137.0
8.219.106.156,443,8.219.106.156,SG,Singapore,中转,294 ms,79 Mbps,10137 kB/s,10137.0
8.219.70.151,443,8.219.70.151,SG,Singapore,中转,211 ms,78 Mbps,10035 kB/s,10035.0
8.219.101.138,443,8.219.101.138,SG,Singapore,中转,211 ms,78 Mbps,10035 kB/s,10035.0
8.219.72.50,443,8.219.72.50,SG,Singapore,中转,210 ms,78 Mbps,10035 kB/s,10035.0
8.222.236.229,443,8.222.236.229,SG,Singapore,中转,208 ms,78 Mbps,10035 kB/s,10035.0
8.219.84.214,443,8.219.84.214,SG,Singapore,中转,211 ms,78 Mbps,10035 kB/s,10035.0
8.222.138.164,443,8.222.138.164,SG,Singapore,中转,215 ms,77 Mbps,9955 kB/s,9955.0
8.222.255.15,443,8.222.255.15,SG,Singapore,中转,211 ms,77 Mbps,9953 kB/s,9953.0
8.219.114.201,443,8.219.114.201,SG,Singapore,中转,213 ms,77 Mbps,9951 kB/s,9951.0
8.219.140.63,443,8.219.140.63,SG,Singapore,中转,226 ms,77 Mbps,9932 kB/s,9932.0
8.222.212.172,443,8.222.212.172,SG,Singapore,中转,213 ms,77 Mbps,9907 kB/s,9907.0
8.219.240.160,443,8.219.240.160,SG,Singapore,中转,216 ms,77 Mbps,9896 kB/s,9896.0
8.219.201.8,443,8.219.201.8,SG,Singapore,中转,211 ms,76 Mbps,9834 kB/s,9834.0
8.219.152.195,443,8.219.152.195,SG,Singapore,中转,212 ms,76 Mbps,9833 kB/s,9833.0
8.222.213.221,443,8.222.213.221,SG,Singapore,中转,208 ms,76 Mbps,9810 kB/s,9810.0
152.69.233.7,443,2603:c024:0:a100::8888,KR,Seoul,隧道,329 ms,76 Mbps,9807 kB/s,9807.0
8.222.204.128,443,8.222.204.128,SG,Singapore,中转,215 ms,76 Mbps,9786 kB/s,9786.0
8.219.161.129,443,8.219.161.129,SG,Singapore,中转,207 ms,76 Mbps,9757 kB/s,9757.0
8.219.60.68,443,8.219.60.68,SG,Singapore,中转,212 ms,76 Mbps,9746 kB/s,9746.0
8.219.111.175,443,8.219.111.175,SG,Singapore,中转,208 ms,75 Mbps,9717 kB/s,9717.0
8.219.104.242,443,8.219.104.242,SG,Singapore,中转,207 ms,75 Mbps,9714 kB/s,9714.0
168.138.194.74,443,168.138.194.74,JP,Tokyo,中转,205 ms,75 Mbps,9709 kB/s,9709.0
47.245.108.213,443,47.245.108.213,SG,Singapore,中转,278 ms,75 Mbps,9680 kB/s,9680.0
8.219.12.152,443,8.219.12.152,SG,Singapore,中转,216 ms,75 Mbps,9656 kB/s,9656.0
8.222.244.123,443,8.222.244.123,SG,Singapore,中转,209 ms,75 Mbps,9642 kB/s,9642.0
8.222.205.210,443,8.222.205.210,SG,Singapore,中转,211 ms,75 Mbps,9629 kB/s,9629.0
8.222.223.34,443,8.222.223.34,SG,Singapore,中转,216 ms,75 Mbps,9629 kB/s,9629.0
8.222.144.117,443,8.222.144.117,SG,Singapore,中转,215 ms,75 Mbps,9620 kB/s,9620.0
47.236.130.95,443,47.236.130.95,SG,Singapore,中转,208 ms,75 Mbps,9608 kB/s,9608.0
8.219.0.162,443,8.219.0.162,SG,Singapore,中转,316 ms,75 Mbps,9601 kB/s,9601.0
8.219.206.180,443,8.219.206.180,SG,Singapore,中转,210 ms,74 Mbps,9595 kB/s,9595.0
8.217.145.40,443,8.217.145.40,HK,Hong Kong,中转,268 ms,74 Mbps,9569 kB/s,9569.0
8.219.198.139,443,8.219.198.139,SG,Singapore,中转,216 ms,74 Mbps,9567 kB/s,9567.0
8.222.137.192,443,8.222.137.192,SG,Singapore,中转,388 ms,74 Mbps,9536 kB/s,9536.0
8.219.170.180,443,8.219.170.180,SG,Singapore,中转,207 ms,74 Mbps,9534 kB/s,9534.0
8.222.197.251,443,8.222.197.251,SG,Singapore,中转,215 ms,74 Mbps,9487 kB/s,9487.0
192.9.177.204,443,192.9.177.204,AU,Sydney,中转,188 ms,74 Mbps,9483 kB/s,9483.0
8.219.201.245,443,8.219.201.245,SG,Singapore,中转,208 ms,73 Mbps,9463 kB/s,9463.0
8.219.140.229,443,8.219.140.229,SG,Singapore,中转,210 ms,73 Mbps,9456 kB/s,9456.0
8.219.213.112,443,8.219.213.112,SG,Singapore,中转,306 ms,73 Mbps,9423 kB/s,9423.0
8.222.214.231,443,8.222.214.231,SG,Singapore,中转,213 ms,73 Mbps,9412 kB/s,9412.0
8.219.140.63,443,8.219.140.63,SG,Singapore,中转,306 ms,73 Mbps,9410 kB/s,9410.0
47.236.12.195,443,47.236.12.195,SG,Singapore,中转,211 ms,73 Mbps,9396 kB/s,9396.0
8.219.61.52,443,8.219.61.52,SG,Singapore,中转,208 ms,73 Mbps,9389 kB/s,9389.0
8.210.9.129,443,8.210.9.129,HK,Hong Kong,中转,191 ms,73 Mbps,9377 kB/s,9377.0
8.219.167.65,443,8.219.167.65,SG,Singapore,中转,207 ms,73 Mbps,9368 kB/s,9368.0
8.219.251.81,443,8.219.251.81,SG,Singapore,中转,317 ms,73 Mbps,9354 kB/s,9354.0
8.222.221.86,443,8.222.221.86,SG,Singapore,中转,208 ms,72 Mbps,9322 kB/s,9322.0
8.219.87.34,443,8.219.87.34,SG,Singapore,中转,218 ms,72 Mbps,9321 kB/s,9321.0
8.219.196.24,443,8.219.196.24,SG,Singapore,中转,221 ms,72 Mbps,9307 kB/s,9307.0
8.219.228.193,443,8.219.228.193,SG,Singapore,中转,215 ms,72 Mbps,9298 kB/s,9298.0
8.222.219.34,443,8.222.219.34,SG,Singapore,中转,337 ms,72 Mbps,9296 kB/s,9296.0
8.219.5.10,443,8.219.5.10,SG,Singapore,中转,206 ms,72 Mbps,9279 kB/s,9279.0
8.219.103.65,443,8.219.103.65,SG,Singapore,中转,208 ms,72 Mbps,9269 kB/s,9269.0
8.219.170.232,443,8.219.170.232,SG,Singapore,中转,212 ms,72 Mbps,9255 kB/s,9255.0
8.219.13.143,443,8.219.13.143,SG,Singapore,中转,212 ms,72 Mbps,9248 kB/s,9248.0
8.219.250.239,443,8.219.250.239,SG,Singapore,中转,295 ms,72 Mbps,9237 kB/s,9237.0
8.219.200.145,443,8.219.200.145,SG,Singapore,中转,286 ms,72 Mbps,9226 kB/s,9226.0
8.219.245.187,443,8.219.245.187,SG,Singapore,中转,260 ms,72 Mbps,9225 kB/s,9225.0
8.219.111.147,443,8.219.111.147,SG,Singapore,中转,215 ms,72 Mbps,9224 kB/s,9224.0
8.219.193.202,443,8.219.193.202,SG,Singapore,中转,215 ms,71 Mbps,9212 kB/s,9212.0
8.219.126.240,443,8.219.126.240,SG,Singapore,中转,208 ms,71 Mbps,9211 kB/s,9211.0
8.219.145.245,443,8.219.145.245,SG,Singapore,中转,220 ms,71 Mbps,9187 kB/s,9187.0
8.219.40.38,443,8.219.40.38,SG,Singapore,中转,212 ms,71 Mbps,9180 kB/s,9180.0
8.219.186.189,443,8.219.186.189,SG,Singapore,中转,212 ms,71 Mbps,9163 kB/s,9163.0
8.219.106.15,443,8.219.106.15,SG,Singapore,中转,285 ms,71 Mbps,9159 kB/s,9159.0
140.238.33.161,443,2603:c021:8002:900:4858:eede:fd8a:dd52,JP,Tokyo,隧道,201 ms,71 Mbps,9145 kB/s,9145.0
8.219.198.34,443,8.219.198.34,SG,Singapore,中转,215 ms,71 Mbps,9112 kB/s,9112.0
8.222.180.242,443,8.222.180.242,SG,Singapore,中转,215 ms,71 Mbps,9090 kB/s,9090.0
8.219.73.188,443,8.219.73.188,SG,Singapore,中转,210 ms,70 Mbps,9083 kB/s,9083.0
8.219.228.186,443,8.219.228.186,SG,Singapore,中转,212 ms,70 Mbps,9063 kB/s,9063.0
47.242.234.127,443,47.242.234.127,HK,Hong Kong,中转,189 ms,70 Mbps,9059 kB/s,9059.0
8.222.208.83,443,8.222.208.83,SG,Singapore,中转,221 ms,70 Mbps,9056 kB/s,9056.0
8.219.179.34,443,8.219.179.34,SG,Singapore,中转,217 ms,70 Mbps,9028 kB/s,9028.0
8.222.164.209,443,8.222.164.209,SG,Singapore,中转,269 ms,70 Mbps,9027 kB/s,9027.0
8.219.196.117,443,8.219.196.117,SG,Singapore,中转,292 ms,70 Mbps,9023 kB/s,9023.0
8.222.140.87,443,8.222.140.87,SG,Singapore,中转,207 ms,70 Mbps,9009 kB/s,9009.0
8.217.49.34,443,8.217.49.34,HK,Hong Kong,中转,294 ms,70 Mbps,9006 kB/s,9006.0
8.219.206.53,443,8.219.206.53,SG,Singapore,中转,210 ms,70 Mbps,8983 kB/s,8983.0
8.219.248.47,443,8.219.248.47,SG,Singapore,中转,207 ms,69 Mbps,8959 kB/s,8959.0
8.218.207.169,443,8.218.207.169,HK,Hong Kong,中转,193 ms,69 Mbps,8953 kB/s,8953.0
8.222.252.150,443,8.222.252.150,SG,Singapore,中转,215 ms,69 Mbps,8942 kB/s,8942.0
8.219.222.98,443,8.219.222.98,SG,Singapore,中转,210 ms,69 Mbps,8920 kB/s,8920.0
8.219.157.97,443,8.219.157.97,SG,Singapore,中转,214 ms,69 Mbps,8907 kB/s,8907.0
8.219.175.127,443,8.219.175.127,SG,Singapore,中转,214 ms,69 Mbps,8904 kB/s,8904.0
8.219.72.51,443,8.219.72.51,SG,Singapore,中转,220 ms,69 Mbps,8870 kB/s,8870.0
8.210.119.11,443,8.210.119.11,HK,Hong Kong,中转,191 ms,69 Mbps,8848 kB/s,8848.0
8.222.209.223,443,8.222.209.223,SG,Singapore,中转,214 ms,68 Mbps,8798 kB/s,8798.0
8.219.42.72,443,8.219.42.72,SG,Singapore,中转,211 ms,68 Mbps,8784 kB/s,8784.0
47.89.191.155,443,47.89.191.155,US,Ashburn,中转,46 ms,68 Mbps,8775 kB/s,8775.0
8.219.3.53,443,8.219.3.53,SG,Singapore,中转,295 ms,68 Mbps,8765 kB/s,8765.0
8.219.67.133,443,8.219.67.133,SG,Singapore,中转,211 ms,68 Mbps,8751 kB/s,8751.0
8.222.226.15,443,8.222.226.15,SG,Singapore,中转,312 ms,68 Mbps,8744 kB/s,8744.0
8.219.50.180,443,8.219.50.180,SG,Singapore,中转,219 ms,68 Mbps,8740 kB/s,8740.0
8.219.174.142,443,8.219.174.142,SG,Singapore,中转,212 ms,68 Mbps,8732 kB/s,8732.0
8.222.128.131,443,8.222.128.131,SG,Singapore,中转,318 ms,68 Mbps,8732 kB/s,8732.0
8.219.144.168,443,8.219.144.168,SG,Singapore,中转,372 ms,68 Mbps,8728 kB/s,8728.0
8.219.201.174,443,8.219.201.174,SG,Singapore,中转,218 ms,68 Mbps,8725 kB/s,8725.0
8.222.193.65,443,8.222.193.65,SG,Singapore,中转,219 ms,67 Mbps,8698 kB/s,8698.0
8.210.156.6,443,8.210.156.6,HK,Hong Kong,中转,194 ms,67 Mbps,8692 kB/s,8692.0
8.222.224.17,443,8.222.224.17,SG,Singapore,中转,211 ms,67 Mbps,8679 kB/s,8679.0
47.245.96.163,443,47.245.96.163,SG,Singapore,中转,215 ms,67 Mbps,8663 kB/s,8663.0
47.236.116.182,443,47.236.116.182,SG,Singapore,中转,211 ms,67 Mbps,8657 kB/s,8657.0
8.218.243.95,443,8.218.243.95,HK,Hong Kong,中转,196 ms,67 Mbps,8638 kB/s,8638.0
8.222.152.165,443,8.222.152.165,SG,Singapore,中转,213 ms,67 Mbps,8637 kB/s,8637.0
47.245.93.74,443,47.245.93.74,SG,Singapore,中转,211 ms,67 Mbps,8614 kB/s,8614.0
47.236.130.95,443,47.236.130.95,SG,Singapore,中转,215 ms,67 Mbps,8613 kB/s,8613.0
8.219.164.237,443,8.219.164.237,SG,Singapore,中转,207 ms,67 Mbps,8594 kB/s,8594.0
8.222.222.64,443,8.222.222.64,SG,Singapore,中转,207 ms,67 Mbps,8580 kB/s,8580.0
47.236.87.206,443,47.236.87.206,SG,Singapore,中转,208 ms,66 Mbps,8573 kB/s,8573.0
8.219.111.175,443,8.219.111.175,SG,Singapore,中转,213 ms,66 Mbps,8565 kB/s,8565.0
8.218.174.118,443,8.218.174.118,HK,Hong Kong,中转,194 ms,66 Mbps,8562 kB/s,8562.0
8.219.3.53,443,8.219.3.53,SG,Singapore,中转,328 ms,66 Mbps,8559 kB/s,8559.0
8.219.195.47,443,8.219.195.47,SG,Singapore,中转,217 ms,66 Mbps,8550 kB/s,8550.0
8.219.103.126,443,8.219.103.126,SG,Singapore,中转,208 ms,66 Mbps,8535 kB/s,8535.0
47.236.87.206,443,47.236.87.206,SG,Singapore,中转,211 ms,66 Mbps,8535 kB/s,8535.0
8.219.100.155,443,8.219.100.155,SG,Singapore,中转,211 ms,66 Mbps,8518 kB/s,8518.0
8.219.190.62,443,8.219.190.62,SG,Singapore,中转,207 ms,66 Mbps,8488 kB/s,8488.0
8.219.6.157,443,8.219.6.157,SG,Singapore,中转,212 ms,66 Mbps,8477 kB/s,8477.0
8.210.245.224,443,8.210.245.224,HK,Hong Kong,中转,196 ms,66 Mbps,8459 kB/s,8459.0
8.219.73.21,443,8.219.73.21,SG,Singapore,中转,207 ms,66 Mbps,8448 kB/s,8448.0
8.217.149.28,443,8.217.149.28,HK,Hong Kong,中转,195 ms,65 Mbps,8446 kB/s,8446.0
8.222.249.98,443,8.222.249.98,SG,Singapore,中转,333 ms,65 Mbps,8433 kB/s,8433.0
8.219.82.35,443,8.219.82.35,SG,Singapore,中转,211 ms,65 Mbps,8383 kB/s,8383.0
8.219.156.148,443,8.219.156.148,SG,Singapore,中转,215 ms,65 Mbps,8368 kB/s,8368.0
47.245.86.230,443,47.245.86.230,SG,Singapore,中转,312 ms,65 Mbps,8364 kB/s,8364.0
8.217.251.62,443,8.217.251.62,HK,Hong Kong,中转,192 ms,65 Mbps,8332 kB/s,8332.0
8.219.122.96,443,8.219.122.96,SG,Singapore,中转,211 ms,64 Mbps,8309 kB/s,8309.0
8.222.208.38,443,8.222.208.38,SG,Singapore,中转,208 ms,64 Mbps,8290 kB/s,8290.0
8.219.103.126,443,8.219.103.126,SG,Singapore,中转,212 ms,64 Mbps,8217 kB/s,8217.0
8.219.210.64,443,8.219.210.64,SG,Singapore,中转,211 ms,64 Mbps,8196 kB/s,8196.0
47.243.173.187,443,47.243.173.187,HK,Hong Kong,中转,276 ms,64 Mbps,8192 kB/s,8192.0
8.218.85.128,443,8.218.85.128,HK,Hong Kong,中转,199 ms,63 Mbps,8189 kB/s,8189.0
8.219.174.213,443,8.219.174.213,SG,Singapore,中转,209 ms,63 Mbps,8185 kB/s,8185.0
8.219.109.183,443,8.219.109.183,SG,Singapore,中转,213 ms,63 Mbps,8182 kB/s,8182.0
8.219.201.245,443,8.219.201.245,SG,Singapore,中转,212 ms,63 Mbps,8180 kB/s,8180.0
8.219.199.220,443,8.219.199.220,SG,Singapore,中转,298 ms,63 Mbps,8173 kB/s,8173.0
47.245.115.6,443,47.245.115.6,SG,Singapore,中转,216 ms,63 Mbps,8170 kB/s,8170.0
192.18.159.129,443,192.18.159.129,CA,Toronto,中转,15 ms,63 Mbps,8149 kB/s,8149.0
47.245.111.136,443,47.245.111.136,SG,Singapore,中转,216 ms,63 Mbps,8148 kB/s,8148.0
8.218.65.237,443,8.218.65.237,HK,Hong Kong,中转,196 ms,63 Mbps,8145 kB/s,8145.0
8.219.99.49,443,8.219.99.49,SG,Singapore,中转,208 ms,63 Mbps,8142 kB/s,8142.0
47.245.115.6,443,47.245.115.6,SG,Singapore,中转,215 ms,63 Mbps,8118 kB/s,8118.0
8.219.188.162,443,8.219.188.162,SG,Singapore,中转,248 ms,63 Mbps,8107 kB/s,8107.0
47.236.116.182,443,47.236.116.182,SG,Singapore,中转,212 ms,63 Mbps,8098 kB/s,8098.0
8.219.228.186,443,8.219.228.186,SG,Singapore,中转,277 ms,63 Mbps,8091 kB/s,8091.0
8.222.193.65,443,8.222.193.65,SG,Singapore,中转,210 ms,63 Mbps,8079 kB/s,8079.0
8.219.222.8,443,8.219.222.8,SG,Singapore,中转,218 ms,63 Mbps,8076 kB/s,8076.0
8.219.124.227,443,8.219.124.227,SG,Singapore,中转,309 ms,62 Mbps,8062 kB/s,8062.0
150.136.87.192,443,150.136.87.192,US,Newark,中转,22 ms,62 Mbps,8061 kB/s,8061.0
8.217.207.60,443,8.217.207.60,HK,Hong Kong,中转,258 ms,62 Mbps,8012 kB/s,8012.0
8.219.4.122,443,8.219.4.122,SG,Singapore,中转,214 ms,62 Mbps,7988 kB/s,7988.0
8.219.142.229,443,8.219.142.229,SG,Singapore,中转,211 ms,62 Mbps,7966 kB/s,7966.0
8.219.238.145,443,8.219.238.145,SG,Singapore,中转,215 ms,62 Mbps,7962 kB/s,7962.0
8.219.228.157,443,8.219.228.157,SG,Singapore,中转,208 ms,61 Mbps,7896 kB/s,7896.0
8.219.60.54,443,8.219.60.54,SG,Singapore,中转,218 ms,61 Mbps,7895 kB/s,7895.0
8.218.146.204,443,8.218.146.204,HK,Hong Kong,中转,188 ms,61 Mbps,7875 kB/s,7875.0
8.219.170.180,443,8.219.170.180,SG,Singapore,中转,214 ms,61 Mbps,7873 kB/s,7873.0
8.219.98.13,443,8.219.98.13,SG,Singapore,中转,287 ms,60 Mbps,7807 kB/s,7807.0
8.219.74.35,443,8.219.74.35,SG,Singapore,中转,215 ms,60 Mbps,7783 kB/s,7783.0
47.242.54.157,443,47.242.54.157,HK,Hong Kong,中转,192 ms,60 Mbps,7777 kB/s,7777.0
8.219.78.1,443,8.219.78.1,SG,Singapore,中转,219 ms,60 Mbps,7763 kB/s,7763.0
8.217.221.165,443,8.217.221.165,HK,Hong Kong,中转,200 ms,60 Mbps,7757 kB/s,7757.0
8.219.51.211,443,8.219.51.211,SG,Singapore,中转,319 ms,60 Mbps,7737 kB/s,7737.0
8.218.122.55,443,8.218.122.55,HK,Hong Kong,中转,197 ms,60 Mbps,7698 kB/s,7698.0
8.219.156.148,443,8.219.156.148,SG,Singapore,中转,207 ms,60 Mbps,7689 kB/s,7689.0
8.222.254.91,443,8.222.254.91,SG,Singapore,中转,212 ms,60 Mbps,7688 kB/s,7688.0
47.236.12.195,443,47.236.12.195,SG,Singapore,中转,212 ms,59 Mbps,7673 kB/s,7673.0
47.245.107.174,443,47.245.107.174,SG,Singapore,中转,208 ms,59 Mbps,7603 kB/s,7603.0
8.222.128.131,443,8.222.128.131,SG,Singapore,中转,218 ms,59 Mbps,7587 kB/s,7587.0
8.210.65.1,443,8.210.65.1,HK,Hong Kong,中转,284 ms,58 Mbps,7493 kB/s,7493.0
8.218.65.237,443,8.218.65.237,HK,Hong Kong,中转,199 ms,58 Mbps,7426 kB/s,7426.0
8.219.84.102,443,8.219.84.102,SG,Singapore,中转,209 ms,57 Mbps,7418 kB/s,7418.0
152.70.86.93,443,152.70.86.93,JP,Osaka,中转,257 ms,57 Mbps,7384 kB/s,7384.0
18.163.249.175,443,18.163.249.175,US,,中转,248 ms,57 Mbps,7376 kB/s,7376.0
129.159.241.172,443,129.159.241.172,DE,,中转,104 ms,56 Mbps,7267 kB/s,7267.0
43.205.48.107,443,43.205.48.107,IN,,中转,221 ms,56 Mbps,7247 kB/s,7247.0
144.24.78.162,443,144.24.78.162,KR,Seoul,中转,275 ms,52 Mbps,6761 kB/s,6761.0
168.138.41.79,443,104.28.206.113,JP,Osaka,隧道,413 ms,51 Mbps,6580 kB/s,6580.0
141.148.229.106,443,141.148.229.106,NL,Amsterdam,中转,101 ms,50 Mbps,6527 kB/s,6527.0
155.248.202.141,443,155.248.202.141,US,San Jose,中转,51 ms,50 Mbps,6438 kB/s,6438.0
43.204.146.16,443,43.204.146.16,IN,,中转,267 ms,48 Mbps,6230 kB/s,6230.0
84.235.169.234,443,84.235.169.234,NL,Amsterdam,中转,100 ms,48 Mbps,6165 kB/s,6165.0
168.138.70.29,443,168.138.70.29,CA,Toronto,中转,105 ms,47 Mbps,6017 kB/s,6017.0
23.224.22.211,443,23.224.22.211,US,Los Angeles,中转,85 ms,46 Mbps,5925 kB/s,5925.0
129.146.254.39,443,2603:c020:9:e483:690:2c88:ed7a:3091,US,Los Angeles,隧道,55 ms,46 Mbps,5901 kB/s,5901.0
89.168.118.76,443,89.168.118.76,DE,Frankfurt,中转,210 ms,46 Mbps,5900 kB/s,5900.0
8.219.247.203,443,8.219.247.203,SG,Singapore,中转,217 ms,45 Mbps,5842 kB/s,5842.0
47.89.191.155,443,47.89.191.155,US,Ashburn,中转,17 ms,45 Mbps,5819 kB/s,5819.0
193.122.61.167,443,193.122.61.167,DE,,中转,106 ms,45 Mbps,5815 kB/s,5815.0
132.226.10.65,443,132.226.10.65,JP,Tokyo,中转,209 ms,45 Mbps,5792 kB/s,5792.0
158.180.231.216,443,2603:c027:1:5610:e035:d6ae:8635:ee8d,IT,,隧道,109 ms,43 Mbps,5525 kB/s,5525.0
103.137.63.3,443,122.118.146.235,TW,,隧道,234 ms,42 Mbps,5474 kB/s,5474.0
138.3.222.33,443,138.3.222.33,JP,Tokyo,中转,209 ms,40 Mbps,5230 kB/s,5230.0
8.219.97.179,443,8.219.97.179,SG,Singapore,中转,212 ms,40 Mbps,5199 kB/s,5199.0
146.56.132.247,443,146.56.132.247,KR,Tokyo,中转,174 ms,39 Mbps,5082 kB/s,5082.0
138.2.18.184,443,138.2.18.184,JP,Tokyo,中转,282 ms,39 Mbps,5049 kB/s,5049.0
140.238.195.98,443,140.238.195.98,AU,Sydney,中转,193 ms,37 Mbps,4861 kB/s,4861.0
8.219.170.223,443,8.219.170.223,SG,Singapore,中转,272 ms,34 Mbps,4435 kB/s,4435.0
8.219.58.64,443,8.219.58.64,SG,Singapore,中转,309 ms,34 Mbps,4425 kB/s,4425.0
140.238.37.208,443,2603:c021:8014:2f20:8113:6e70:2fc2:cf3c,JP,Tokyo,隧道,208 ms,34 Mbps,4403 kB/s,4403.0
138.3.222.135,443,138.3.222.135,JP,Tokyo,中转,194 ms,34 Mbps,4396 kB/s,4396.0
8.219.52.156,443,8.219.52.156,SG,Singapore,中转,207 ms,34 Mbps,4394 kB/s,4394.0
47.90.141.204,443,91.149.239.234,US,Los Angeles,隧道,80 ms,33 Mbps,4254 kB/s,4254.0
47.236.113.184,443,47.236.113.184,SG,Singapore,中转,215 ms,32 Mbps,4196 kB/s,4196.0
192.210.175.20,443,192.210.175.20,NL,Amsterdam,中转,96 ms,31 Mbps,3988 kB/s,3988.0
129.151.152.254,443,129.151.152.254,AE,Amsterdam,中转,207 ms,31 Mbps,3969 kB/s,3969.0
47.89.191.155,443,47.89.191.155,US,Ashburn,中转,52 ms,30 Mbps,3886 kB/s,3886.0
170.106.35.96,443,170.106.35.96,US,Ashburn,中转,120 ms,29 Mbps,3829 kB/s,3829.0
168.138.46.67,443,168.138.46.67,JP,Osaka,中转,211 ms,29 Mbps,3716 kB/s,3716.0
44.230.218.23,443,52.10.49.23,US,,隧道,64 ms,24 Mbps,3103 kB/s,3103.0
8.219.237.250,443,8.219.237.250,SG,Singapore,中转,213 ms,22 Mbps,2847 kB/s,2847.0
150.230.63.93,443,150.230.63.93,JP,Osaka,中转,248 ms,21 Mbps,2765 kB/s,2765.0
152.69.200.206,443,152.69.200.206,JP,Osaka,中转,439 ms,14 Mbps,1865 kB/s,1865.0
8.219.170.223,443,8.219.170.223,SG,Singapore,中转,207 ms,14 Mbps,1814 kB/s,1814.0
98.98.49.226,443,98.98.49.226,HK,Hong Kong,中转,265 ms,11 Mbps,1471 kB/s,1471.0
129.159.84.71,443,129.159.84.71,US,Newark,中转,38 ms,7 Mbps,945 kB/s,945.0
152.70.82.108,443,152.70.82.108,JP,Tokyo,中转,431 ms,6 Mbps,887 kB/s,887.0
8.222.225.193,443,8.222.225.193,SG,Singapore,中转,215 ms,5 Mbps,667 kB/s,667.0
8.219.151.193,443,8.219.151.193,SG,Tokyo,中转,217 ms,4 Mbps,616 kB/s,616.0
8.218.209.144,443,8.218.209.144,HK,Hong Kong,中转,229 ms,4 Mbps,601 kB/s,601.0
8.222.225.193,443,8.222.225.193,SG,Singapore,中转,215 ms,4 Mbps,550 kB/s,550.0
8.219.66.156,443,8.219.66.156,SG,Tokyo,中转,216 ms,3 Mbps,507 kB/s,507.0
128.1.18.29,443,23.251.99.26,US,San Jose,隧道,143 ms,3 Mbps,432 kB/s,432.0
149.129.8.215,443,47.254.87.121,US,San Jose,隧道,225 ms,3 Mbps,410 kB/s,410.0
8.211.55.176,443,8.211.55.176,DE,Frankfurt,中转,107 ms,3 Mbps,388 kB/s,388.0
47.57.245.232,443,47.254.73.153,US,San Jose,隧道,281 ms,2 Mbps,367 kB/s,367.0
54.169.229.188,443,2406:da18:618:7e00:33b7:2027:d986:fdaa,SG,Singapore,隧道,209 ms,2 Mbps,346 kB/s,346.0
47.57.233.126,443,47.88.10.133,US,San Jose,隧道,195 ms,2 Mbps,325 kB/s,325.0
8.212.19.60,443,47.88.100.189,US,San Jose,隧道,196 ms,1 Mbps,226 kB/s,226.0
47.89.244.253,443,47.89.244.253,US,San Jose,中转,65 ms,1 Mbps,185 kB/s,185.0
64.110.103.69,443,64.110.103.69,JP,Osaka,中转,415 ms,1 Mbps,135 kB/s,135.0
47.242.68.32,443,47.242.68.32,HK,,中转,197 ms,0 Mbps,125 kB/s,125.0
152.32.130.241,443,107.150.110.203,US,Los Angeles,隧道,587 ms,0 Mbps,52 kB/s,52.0
130.61.87.219,443,130.61.87.219,DE,,中转,106 ms,0 Mbps,46 kB/s,46.0
8.218.149.193,443,8.218.149.193,HK,Hong Kong,中转,204 ms,0 Mbps,30 kB/s,30.0
123.58.212.234,443,123.58.212.234,HK,Hong Kong,中转,322 ms,0 Mbps,28 kB/s,28.0
149.129.8.215,443,47.88.55.210,US,San Jose,隧道,207 ms,0 Mbps,23 kB/s,23.0
47.57.13.107,443,8.212.22.216,HK,Hong Kong,隧道,197 ms,0 Mbps,15 kB/s,15.0
